No.,Time,Source,Destination,Protocol,Length,TBP,Info
1377997,4933.969023,192.168.0.1,192.168.0.2,SSDP,344,3.00010899999961,HTTP/1.1 200 OK 
1378059,4936.985537,192.168.0.1,192.168.0.2,SSDP,344,3.01651399999992,HTTP/1.1 200 OK 
1378752,4958.069154,192.168.0.1,224.0.0.1,IGMPv3,60,21.0836170000002,"Membership Query, general"
