Silhueta,DuracaodaSessao,Velocidademediadenavegacao
1.0,-0.33878958533495596,-0.12436703310588165
-0.33878958533495596,1.0,0.16610862752523478
-0.12436703310588165,0.16610862752523478,1.0
