Silhueta,DuracaodaSessao,Velocidademediadenavegacao
1.0,-0.47447266660192244,-0.00902248246368503
-0.47447266660192244,1.0,0.32524622852100016
-0.00902248246368503,0.32524622852100016,1.0
