Silhueta,DuracaodaSessao,Velocidademediadenavegacao
1.0,-0.6122849187923779,-0.1419083550838545
-0.6122849187923779,1.0,0.1921656058490524
-0.1419083550838545,0.1921656058490524,1.0
