Silhueta,DuracaodaSessao,Velocidademediadenavegacao
1.0,-0.4332323560220976,-0.5956864740738869
-0.4332323560220976,1.0,0.13464815525966511
-0.5956864740738869,0.13464815525966511,1.0
