Silhueta,DuracaodaSessao,Velocidademediadenavegacao
1.0,-0.47014573144430527,-0.5198387421091935
-0.47014573144430527,1.0,0.037493254161015344
-0.5198387421091935,0.037493254161015344,1.0
