Length,TBP,Silhouette
1.0,0.08407058039380595,0.36121845353127974
0.08407058039380595,1.0,-0.5987030257290848
0.36121845353127974,-0.5987030257290848,1.0
