Length,TBP,Silhouette
1.0,0.12538168571427888,0.0021453918210386958
0.12538168571427888,1.0,-0.6457135311700974
0.0021453918210386958,-0.6457135311700974,1.0
