Length,TBP,Silhouette
1.0,0.23888729812647752,-0.5466061691451878
0.23888729812647752,1.0,-0.7218799653325143
-0.5466061691451878,-0.7218799653325143,1.0
