Length,TBP,Silhouette
1.0,0.13486274247187752,-0.39940442141595717
0.13486274247187752,1.0,-0.5014807764065771
-0.39940442141595717,-0.5014807764065771,1.0
