Length,TBP,Silhouette
1.0,0.20655330505041167,-0.623420461902358
0.20655330505041167,1.0,-0.5024111446794954
-0.623420461902358,-0.5024111446794954,1.0
