Length,TBP,Silhouette
1.0,-0.09138041091274628,-0.06709529868755439
-0.09138041091274628,1.0,-0.13005580228379385
-0.06709529868755439,-0.13005580228379385,1.0
