Length,TBP,Silhouette
1.0,-0.23973721323515537,-0.1430213337759474
-0.23973721323515537,1.0,-0.22654087229215367
-0.1430213337759474,-0.22654087229215367,1.0
