Length,TBP,Silhouette
1.0,-0.16796265593823748,0.07454169599923004
-0.16796265593823748,1.0,-0.39592943909728445
0.07454169599923004,-0.39592943909728445,1.0
