Length,TBP,Silhouette
1.0,-0.21778522735365363,0.10891010388976567
-0.21778522735365363,1.0,-0.25165972244428597
0.10891010388976567,-0.25165972244428597,1.0
