Length,TBP,Silhouette
1.0,-0.18378820346486865,-0.11929820605544073
-0.18378820346486865,1.0,-0.3645175307059886
-0.11929820605544073,-0.3645175307059886,1.0
