Length,TBP,Silhouette
1.0,-0.36409250015633354,0.26509498648914753
-0.36409250015633354,1.0,-0.12954058556058887
0.26509498648914753,-0.12954058556058887,1.0
