Length,TBP,Silhouette
1.0,-0.06800890479268344,0.4560326827118992
-0.06800890479268344,1.0,-0.007649491330687205
0.4560326827118992,-0.007649491330687205,1.0
