Length,TBP,Silhouette
1.0,-0.2627257677551849,0.49637132095316705
-0.2627257677551849,1.0,-0.14081854747709055
0.49637132095316705,-0.14081854747709055,1.0
