Length,TBP,Silhouette
1.0,-0.11651420695425646,0.42899597943551965
-0.11651420695425646,1.0,-0.032842796503648436
0.42899597943551965,-0.032842796503648436,1.0
