Length,TBP,Silhouette
1.0,-0.17942583569524306,0.4853782081175991
-0.17942583569524306,1.0,-0.10312772283802325
0.4853782081175991,-0.10312772283802325,1.0
