Silhueta,DuracaodaSessao,Velocidademediadenavegacao
1.0,-0.583788788392599,-0.02878270304591181
-0.583788788392599,1.0,0.2771879974064768
-0.02878270304591181,0.2771879974064768,1.0
