Silhueta,DuracaodaSessao,Velocidademediadenavegacao
1.0,-0.700177956687649,-0.19669608385438384
-0.700177956687649,1.0,0.13796791964636465
-0.19669608385438384,0.13796791964636465,1.0
