Silhueta,DuracaodaSessao,Velocidademediadenavegacao
1.0,-0.6159500779226541,-0.08027865152743137
-0.6159500779226541,1.0,0.0987528819680567
-0.08027865152743137,0.0987528819680567,1.0
