Silhueta,DuracaodaSessao,Velocidademediadenavegacao
1.0,-0.2742362430547677,-0.35396633867425514
-0.2742362430547677,1.0,0.01360158784912576
-0.35396633867425514,0.01360158784912576,1.0
