Silhueta,DuracaodaSessao,Velocidademediadenavegacao
1.0,-0.5319062287272416,0.14979628265454614
-0.5319062287272416,1.0,-0.17103362969437125
0.14979628265454614,-0.17103362969437125,1.0
