Length,TBP,Silhouette
1.0,-0.3688538341966666,-0.7534883661229851
-0.3688538341966666,1.0,-0.012724052912689724
-0.7534883661229851,-0.012724052912689724,1.0
