Length,TBP,Silhouette
1.0,-0.4598841515716718,-0.7331729604622238
-0.4598841515716718,1.0,-0.05495386562709048
-0.7331729604622238,-0.05495386562709048,1.0
