Length,TBP,Silhouette
1.0,-0.9026920128211479,-0.06578676077474847
-0.9026920128211479,1.0,-0.32546160435028365
-0.06578676077474847,-0.32546160435028365,1.0
