Length,TBP,Silhouette
1.0,-0.32070621629568186,-0.40762923534692835
-0.32070621629568186,1.0,-0.23167817149965894
-0.40762923534692835,-0.23167817149965894,1.0
