Length,TBP,Silhouette
1.0,-0.4215667131521516,-0.6977772263329046
-0.4215667131521516,1.0,0.07152407099924617
-0.6977772263329046,0.07152407099924617,1.0
